Thai_Name,Botanical_NoAuthor,Botanical_Name,Count_Tags,Cout_GBH_2023,Cout_GBH_2025,Min_Height_2023,Mean_Height_2023,Max_Height_2023,Min_Height_2025,Mean_Height_2025,Max_Height_2025
กรวยป่า,Casearia grewiifolia,Casearia grewiifolia Vent.,7,7,7,5,8.13,14,5.8,9.1,12.2
กระดังงาไทย,Cananga odorata,"Cananga odorata (Lam.) Hook.f. & Thomson",2,2,2,17.3,18.8,20.3,21,21.6,22.2
กระถินณรงค์,Acacia auriculiformis,"Acacia auriculiformis A.Cunn. ex Benth.",90,37,88,4.5,9.9,17.2,1.1,10.87,61.1
กระถินยักษ์,Leucaena leucocephala,"Leucaena leucocephala (Lam.) de Wit",63,18,55,3.6,6.33,10,4,7.1,13.5
กระถินเทพา,Acacia mangium,Acacia mangium Willd.,119,3,119,10.2,12.13,14.2,0,11.88,24.8
กระทิง,Calophyllum inophyllum,Calophyllum inophyllum L.,31,19,31,3.5,10.07,17.2,5.1,10.07,17.6
กระทุ่ม,Neolamarckia cadamba,"Neolamarckia cadamba (Roxb.) Bosser",11,2,11,12,12,12,9.9,15.8,21.1
กระท่อมหมู,Mitragyna rotundifolia,"Mitragyna rotundifolia (Roxb.) Kuntze",92,70,88,3.6,8.53,16,4,8.65,20
กระทุ่มนา,Mitragyna diversifolia,"Mitragyna diversifolia (Wall. ex G.Don) Havil.",12,2,12,7.5,7.75,8,4.6,7.8,11
กระท้อน,Sandoricum koetjape,"Sandoricum koetjape (Burm.f.) Merr.",21,13,21,5,9.34,18.4,5.9,13.29,21.1
กระบก,Irvingia malayana,Irvingia malayana Oliv. ex A.W.Benn.,24,13,24,3.7,8.95,15,4.4,11.56,22
กระบาก,Anisoptera costata,Anisoptera costata Korth.,12,6,12,8,16.5,24,7.1,14.53,26
กระพี้จั่น,Millettia brandisiana,Millettia brandisiana Kurz,48,18,44,4,6.99,12,3,7.71,13.8
กระพี้นางนวล,Dalbergia cana,Dalbergia cana Graham ex Kurz,6,5,6,2,7.76,17.8,3.3,8.68,15.5
กระพี้เขาควาย,Dalbergia cultrata,Dalbergia cultrata T.S.Ralph,52,49,52,1.5,7.9,15.5,1.5,9.08,18.4
กระมอบ,Gardenia obtusifolia,Gardenia obtusifolia Roxb. ex Kurz,3,0,3,,,,4,4.87,6.1
กระเชา,Holoptelea integrifolia,"Holoptelea integrifolia (Roxb.) Planch.",6,3,6,12.1,14.13,15.5,4.3,17.2,24.6
กระเบากลัก,Hydnocarpus ilicifolius,Hydnocarpus ilicifolius King,19,0,19,,,,5.8,11.04,18
กระเบาน้ำ,Hydnocarpus castaneus,"Hydnocarpus castaneus Hook.f. & Thomson",4,0,4,,,,4.2,4.53,5.2
กระเบียน,Ceriscoides turgida,"Ceriscoides turgida (Roxb.) Tirveng.",7,0,7,,,,5.6,7.11,8.7
กระแจะ,Naringi crenulata,"Naringi crenulata (Roxb.) Nicolson",5,4,4,3.5,10.43,20,11.4,14.47,18
กระโดน,Careya arborea,Careya arborea Roxb.,15,10,15,5.5,8.88,14.3,2.3,9.1,23.6
กริม,Aporosa planchoniana,"Aporosa planchoniana Baill. ex Müll.Arg.",38,0,38,,,,4,8.09,16.2
กร่าง,Ficus altissima,Ficus altissima Blume,5,5,5,3,4.36,5.2,3,4.26,5.87
กฤษณา,Aquilaria crassna,Aquilaria crassna Pierre ex Lecomte,7,0,7,,,,2,7.29,16.6
กลึงกล่อม,Polyalthia suberosa,"Polyalthia suberosa (Roxb.) Thwaites",2,0,2,,,,3.1,4.6,6.1
กล้วยน้อย,Xylopia vielana,Xylopia vielana Pierre,3,0,3,,,,11.5,13.6,17
กะตังใบ,Leea indica,"Leea indica (Burm.f.) Merr.",1,1,1,2.7,2.7,2.7,5.2,5.2,5.2
กะทังใบใหญ่,Litsea grandis,"Litsea grandis (Nees) Hook.f.",3,2,3,6,6.25,6.5,8,8.87,10.3
กะลิง,Diospyros pilosanthera,Diospyros pilosanthera Blanco,5,4,5,6,6.95,7.8,5.5,6.98,10.2
กะอวม,Acronychia pedunculata,"Acronychia pedunculata (L.) Miq.",21,1,21,4.8,4.8,4.8,5.2,9.78,16.4
กะออก,Artocarpus elasticus,Artocarpus elasticus Reinw. ex Blume,5,5,5,5.5,16.8,25.3,7.2,17.1,30.1
กะอาม,Crypteronia paniculata,Crypteronia paniculata Blume,6,6,6,4.5,11.2,15,6,11.03,15
กะเจียน,Huberantha cerasoides,"Huberantha cerasoides (Roxb.) Chaowasku",46,31,44,3.2,7.34,12.9,4,8.46,25.8
กะเหรี่ยง,Ficus capillipes,Ficus capillipes Gagnep.,1,0,1,,,,14,14,14
กัดลิ้น,Walsura trichostemon,Walsura trichostemon Miq.,12,9,12,0,6.56,17,4.2,7.91,12.7
กันเกรา,Cyrtophyllum fragrans,"Cyrtophyllum fragrans (Roxb.) DC.",15,3,15,3.2,4.9,7.5,5,10.15,15.1
กัลปพฤกษ์,Cassia bakeriana,Cassia bakeriana Craib,32,20,28,2.3,7.88,12.7,3.34,10.23,15.9
กางขี้มอด,Albizia odoratissima,"Albizia odoratissima (L.f.) Benth.",4,3,4,6.2,9.37,13.2,6.8,9.68,13.8
กานพลู,Pellacalyx parkinsonii,Pellacalyx parkinsonii C.E.C.Fisch.,1,1,1,12.5,12.5,12.5,31.9,31.9,31.9
การบูร,Cinnamomum camphora,"Cinnamomum camphora (L.) J.Presl",1,1,0,9.2,9.2,9.2,,,
กาลน,Elaeocarpus floribundus,Elaeocarpus floribundus Blume,8,8,8,4.5,12.32,25.3,7.2,16.19,27.5
กาสามปีก,Vitex peduncularis,Vitex peduncularis Wall. ex Schauer,55,27,55,5.1,9.74,15,4.8,10.8,23.5
กาฬพฤกษ์,Cassia grandis,Cassia grandis L.f.,20,19,10,7,8.48,12,7.3,10.95,13
กำลังช้างเผือก,Hiptage candicans,Hiptage candicans Hook.f.,1,0,1,,,,3.8,3.8,3.8
กุ่มน้ำ,Crateva magna,"Crateva magna (Lour.) DC.",5,1,4,3.9,3.9,3.9,10.5,12.2,15.3
กุ่มบก,Crateva adansonii,Crateva adansonii DC.,18,7,18,1.8,4.14,6,3.2,7.72,13
กุ๊ก,Lannea coromandelica,"Lannea coromandelica (Houtt.) Merr.",82,32,79,2.2,8.85,15,2.9,9.74,24
ก่อคอแลน,Castanopsis nephelioides,Castanopsis nephelioides King ex Hook.f.,2,2,2,12.3,13.75,15.2,13.6,14.2,14.8
ก่อบ้าน,Castanopsis wallichii,Castanopsis wallichii King ex Hook.f.,1,1,1,28.3,28.3,28.3,,,
ก่อแพะ,Quercus kerrii,Quercus kerrii Craib,1,0,1,,,,7.8,7.8,7.8
ก้านเหลือง,Nauclea orientalis,"Nauclea orientalis (L.) L.",31,0,31,,,,7.2,15.33,76
ขนุน,Artocarpus heterophyllus,Artocarpus heterophyllus Lam.,12,5,12,6,7.36,8,4.5,8.19,11.5
ขนุนนก,Palaquium obovatum,"Palaquium obovatum (Griff.) Engl.",2,2,2,8.6,19.55,30.5,9.2,10.45,11.7
ขนุนป่า,Artocarpus chama,Artocarpus chama Buch.-Ham.,1,0,1,,,,18,18,18
ขมิ้นต้น,Adina trichotoma,"Adina trichotoma (Zoll. & Moritzi) Benth. & Hook.f. ex B.D.Jacks.",4,4,4,4,7.13,10.7,7.2,9.18,11.3
ขว้าว,Haldina cordifolia,"Haldina cordifolia (Roxb.) Ridsdale",17,15,17,4.3,11.88,20,5.1,11.95,17.1
ขันทองพยาบาท,Suregada multiflora,"Suregada multiflora (A.Juss.) Baill.",27,7,27,5.6,8.84,12.7,2.7,8.29,16.9
ขางน้ำผึ้ง,Claoxylon indicum,"Claoxylon indicum (Reinw. ex Blume) Hassk.",1,1,1,5,5,5,8,8,8
ขางหัวหมู,Miliusa velutina,"Miliusa velutina (DC.) Hook.f. & Thomson",6,3,6,5.2,10.07,15,5.6,11.75,19
ขานาง,Homalium tomentosum,"Homalium tomentosum (Vent.) Benth.",5,0,5,,,,8,12.5,14.7
ขามคัวะ,Pterospermum semisagittatum,Pterospermum semisagittatum Ham. ex Roxb.,2,0,2,,,,6,8.85,11.7
ขี้มอด,Dalbergia lanceolaria var. lakhonensis,"Dalbergia lanceolaria var. lakhonensis (Gagnep.) Niyomdham & P.H.Hô",8,3,8,8.9,10.63,14,5.6,12.04,22.2
ขี้หนอน,Zollingeria dongnaiensis,Zollingeria dongnaiensis Pierre,9,2,9,9.8,12.75,15.7,4.5,14.27,30
ขี้อ้าย,Terminalia triptera,Terminalia triptera Stapf,40,39,37,4.3,12.77,24.3,3.7,9.2,15.8
ขี้เหล็ก,Senna siamea,"Senna siamea (Lam.) H.S.Irwin & Barneby",169,71,162,5.6,9.98,21,2.9,9.97,23
ขี้เหล็กอเมริกัน,Senna spectabilis,"Senna spectabilis (DC.) H.S.Irwin & Barneby",1,0,1,,,,9.4,9.4,9.4
ข่อย,Streblus asper,Streblus asper Lour.,314,203,304,2,6.95,17.8,1.6,6.77,23.5
คงคาเดือด,Arfeuillea arborescens,Arfeuillea arborescens Pierre ex Radlk.,3,2,3,7,7.75,8.5,6.51,9.1,10.9
คอร์เดีย,Cordia sebestena,Cordia sebestena L.,2,1,2,2.9,2.9,2.9,4.6,5.05,5.5
คอเหี้ย,Xerospermum noronhianum,"Xerospermum noronhianum (Blume) Blume.",3,3,3,3.4,4.77,6.3,2.3,4.27,6.2
คอแลน,Nephelium hypoleucum,Nephelium hypoleucum Kurz,17,13,17,3.1,7,13,0,18.03,137.6
คันแหลน,Psydrax nitidus,"Psydrax nitidus (Craib) K.M.Wong",1,0,1,,,,6,6,6
คาง,Albizia lebbekoides,"Albizia lebbekoides (DC.) Benth.",18,4,18,3.6,7.22,10,4,12.78,21.1
คำมอกหลวง,Gardenia sootepensis,Gardenia sootepensis Hutch.,10,1,10,5.8,5.8,5.8,4,6.46,12.4
คำรอก,Ellipanthus tomentosus,Ellipanthus tomentosus Kurz,27,10,27,2.1,4.88,7.2,2.8,8.91,41
คำแสด,Mallotus philippensis,"Mallotus philippensis (Lam.) Müll.Arg.",12,12,8,6,8.22,12,4.1,8.18,12.5
คูน,Cassia fistula,Cassia fistula L.,340,136,339,0.4,7.25,17,2.2,8.27,19
คูนขาว,Cassia × nealiae,"Cassia × nealiae H.S.Irwin & Barneby",6,0,6,,,,4.2,4.63,5.1
ค่างเต้น,Canthiumera robusta,"Canthiumera robusta K.M.Wong & X.Y.Ng",23,23,23,6.7,9.13,12.5,5,11.62,20.9
งาไซ,Planchonella obovata,"Planchonella obovata (R.Br.) Pierre",1,1,1,7.6,7.6,7.6,6.8,6.8,6.8
งิ้วดอกขาว,Bombax anceps,Bombax anceps Pierre,31,16,30,4.2,10.18,19.9,5.2,12.4,32.5
จักจั่น,Millettia xylocarpa,Millettia xylocarpa Miq.,60,24,60,4,8.18,26.7,3,8.71,16.4
จักหัน,Orophea polycarpa,Orophea polycarpa A.DC.,2,0,2,,,,6,9,12
จันดำ,Diospyros venosa,Diospyros venosa Wall. ex A.DC.,1,1,1,5.31,5.31,5.31,5.8,5.8,5.8
จันทน์กะพ้อ,Vatica diospyroides,Vatica diospyroides Symington,4,1,4,4,4,4,2.9,4.63,8
จันทน์หอม,Mansonia gagei,Mansonia gagei J.R.Drumm.,2,0,2,,,,8.8,10,11.2
จามจุรี,Samanea saman,"Samanea saman (Jacq.) Merr.",150,76,146,3.8,11.33,17.7,3.7,13,26.7
จำปา,Magnolia champaca,"Magnolia champaca (L.) Baill. ex Pierre",3,2,3,5.3,6.9,8.5,2.2,4.7,7.2
จำปี,Magnolia × alba,"Magnolia × alba (DC.) Figlar",5,4,5,4.1,9.42,14.5,2.7,8.22,16.5
จิกน้ำ,Barringtonia acutangula,"Barringtonia acutangula (L.) Gaertn.",22,16,21,2.7,7.08,14,3.4,6.71,10.2
จิกสวน,Barringtonia racemosa,"Barringtonia racemosa (L.) Gaertn.",1,1,1,4,4,4,5.8,5.8,5.8
ฉนวน,Dalbergia nigrescens,Dalbergia nigrescens Kurz,14,7,14,2.5,11.67,16.8,3.2,10.51,26.4
ชงโค,Bauhinia purpurea,Bauhinia purpurea L.,28,24,26,2.3,7.55,16,3.8,8.02,12
ชมพูพันธุ์ทิพย์,Tabebuia rosea,"Tabebuia rosea (Bertol.) DC.",88,18,84,2.6,10.16,16,3.2,7.82,15.5
ชมพู่น้ำ,Syzygium siamense,"Syzygium siamense (Craib) Chantar. & J. Parn.",1,0,1,,,,7,7,7
ชะมวง,Garcinia cowa,Garcinia cowa Roxb. ex Choisy,9,4,9,5.9,6.15,6.5,6,7.74,13.8
ชะเนียง,Archidendron jiringa,"Archidendron jiringa (Jack) I.C.Nielsen",4,4,4,6.7,8.47,10.5,9.8,11.22,12.1
ชัยพฤกษ์,Cassia javanica,Cassia javanica L.,3,1,3,12.3,12.3,12.3,8.3,10.83,12.3
ชิงชัน,Dalbergia oliveri,Dalbergia oliveri Gamble ex Prain,13,0,13,,,,4.2,9.72,18
ชิงชี่,Capparis micracantha,Capparis micracantha DC.,1,0,1,,,,4,4,4
ช้างน้าว,Ochna integerrima,"Ochna integerrima (Lour.) Merr.",25,11,24,2.2,3.55,4.5,3,5.77,13.5
ซิลเวอร์โอ๊ค,Grevillea robusta,Grevillea robusta A.Cunn. ex R.Br.,12,0,12,,,,2,7.42,13
ดีหมี,Cleidion javanicum,Cleidion javanicum Blume,2,2,2,5,9,13,5.5,7,8.5
ตองเต่า,Pterospermum cinnamomeum,Pterospermum cinnamomeum Kurz,10,9,8,3.6,6.34,12,2.6,7.44,18
ตะขบบ้าน,Muntingia calabura,Muntingia calabura L.,8,8,8,8,8.5,9,6.5,10.48,12.5
ตะขบป่า,Flacourtia indica,"Flacourtia indica (Burm.f.) Merr.",5,3,5,5.2,9.33,11.6,6.4,8.28,12.7
ตะขบยักษ์,Flacourtia jangomas,"Flacourtia jangomas (Lour.) Raeusch.",2,2,2,5.5,6.75,8,10,10,10
ตะคร้อ,Schleichera oleosa,"Schleichera oleosa (Lour.) Oken",29,10,28,2,13.17,81,4.6,9.54,18
ตะคร้อหนาม,Sisyrolepis muricata,"Sisyrolepis muricata (Pierre) Leenh.",4,3,4,7,12.33,15,7.1,9.38,13.5
ตะคร้ำ,Garuga pinnata,Garuga pinnata Roxb.,19,15,18,4.1,14.31,52,5.1,11.52,20.12
ตะบูนขาว,Xylocarpus granatum,Xylocarpus granatum J.Koenig,8,3,8,4,4.83,5.5,3.7,5.23,7.2
ตะบูนดำ,Xylocarpus moluccensis,"Xylocarpus moluccensis (Lam.) M.Roem.",5,0,5,,,,3.8,6.58,9.5
ตะพุนเฒ่า,Vitex quinata,"Vitex quinata (Lour.) F.N.Williams",3,3,3,9,11.6,16.3,7.7,11.6,19.2
ตะเคียนทอง,Hopea odorata,Hopea odorata Roxb. ex G.Don,256,86,254,1.7,10.12,25.2,2.5,12.78,169
ตะแบกกราย,Terminalia pierrei,Terminalia pierrei Gagnep.,14,0,14,,,,3.9,10.06,16
ตะแบกนา,Lagerstroemia floribunda,Lagerstroemia floribunda Jack,141,40,140,2.5,7.61,18,0,9.94,20.8
ตะแบกเกรียบ,Lagerstroemia cochinchinensis,Lagerstroemia cochinchinensis Pierre,38,2,38,8.9,10.15,11.4,4,11.92,21.7
ตะแบกเปลือกบาง,Lagerstroemia duperreana,Lagerstroemia duperreana Pierre ex Gagnep.,4,4,4,6.5,11.22,14.4,7.3,12.63,16.2
ตะแบกเลือด,Terminalia mucronata,Terminalia mucronata Craib & Hutch.,31,14,31,5.8,8.6,12.3,3.5,9,12.9
ตะแบกแดง,Lagerstroemia calyculata,Lagerstroemia calyculata Kurz,2,2,2,6,8,10,9,10.05,11.1
ตะโกนา,Diospyros rhodocalyx,Diospyros rhodocalyx Kurz,67,24,67,1.9,6.61,13.5,1.18,7.93,17.2
ตะโกพนม,Diospyros castanea,"Diospyros castanea (Craib) H.R.Fletcher",11,9,11,6,8.34,11.7,6,8.75,16.4
ตะโกสวน,Diospyros malabarica,"Diospyros malabarica (Desr.) Kostel.",12,4,12,5,8.45,13.7,4.57,8.81,14.8
ตังหน,Calophyllum calaba,Calophyllum calaba L.,6,0,6,,,,5.1,9.75,19.7
ตับเต่าต้น,Diospyros ehretioides,Diospyros ehretioides Wall. ex G.Don,4,1,4,5.5,5.5,5.5,6.5,9.18,15
ตาตุ่มทะเล,Excoecaria agallocha,Excoecaria agallocha L.,10,0,10,,,,4,4.68,5.8
ตาตุ่มบก,Falconeria insignis,Falconeria insignis Royle,1,0,1,,,,17,17,17
ตานเสี้ยน,Xantolis siamensis,"Xantolis siamensis (H.R.Fletcher) P.Royen",9,0,9,,,,5.9,8.99,15.7
ตาเสือ,Aphanamixis polystachya,"Aphanamixis polystachya (Wall.) R.Parker",3,2,3,11,12.5,14,11.5,12.5,14
ตำเสาหนู,Tristaniopsis burmanica,"Tristaniopsis burmanica (Griff.) Peter G.Wilson & J.T.Waterh.",2,0,2,,,,10.9,10.9,10.9
ติ้วขน,Cratoxylum formosum subsp. pruniflorum,"Cratoxylum formosum subsp. pruniflorum (Kurz) Gogelein",65,35,61,4.2,13.41,16,4.2,11.27,19
ติ้วขาว,Cratoxylum formosum subsp. formosum,"Cratoxylum formosum subsp. formosum (Jack) Benth. & Hook.f. ex Dyer",7,7,7,7,10.07,16,6,10.17,15.9
ติ้วเกลี้ยง,Cratoxylum cochinchinense,"Cratoxylum cochinchinense (Lour.) Blume",50,21,49,5,9.68,14,5.1,8.38,13.1
ตีนนก,Vitex pinnata,Vitex pinnata L.,22,13,21,3.9,8.83,18.8,5,8.45,14
ตีนเป็ดทราย,Cerbera manghas,Cerbera manghas L.,7,7,7,4,4.97,5.4,4,4,4
ตีนเป็ดทะเล,Cerbera odollam,Cerbera odollam Gaertn.,70,52,68,3.3,6.64,13,3,6.99,13.4
ถั่วขาว,Bruguiera cylindrica,"Bruguiera cylindrica (L.) Blume",2,0,2,,,,7.2,7.55,7.9
ถ่านไฟผี,Diospyros montana,Diospyros montana Roxb.,11,5,11,4.2,6.6,9,5.7,8.59,11.7
ทองกวาว,Butea monosperma,"Butea monosperma (Lam.) Kuntze",36,3,36,8.7,11.9,16,3.6,7.86,23.7
ทองหลางน้ำ,Erythrina fusca,Erythrina fusca Lour.,2,2,2,5.5,6.15,6.8,7,8.6,10.2
ทองอุไร,Tecoma stans,"Tecoma stans (L.) Juss. ex Kunth",4,0,4,,,,4.1,4.8,5.7
ทองแมว,Gmelina elliptica,Gmelina elliptica Sm.,1,0,1,,,,7.2,7.2,7.2
ทิ้งถ่อน,Albizia procera,"Albizia procera (Roxb.) Benth.",13,9,13,4,11.1,19,7.5,15.85,27.6
ทุ้งฟ้า,Alstonia macrophylla,Alstonia macrophylla Wall. ex G.Don,3,2,3,8.7,15.5,22.3,8.1,13.57,20.5
ธนนไชย,Buchanania siamensis,Buchanania siamensis Miq.,6,2,6,8,8,8,5.4,8.55,11.7
นนทรี,Peltophorum pterocarpum,"Peltophorum pterocarpum (DC.) Backer ex K.Heyne",105,52,103,4.7,11.63,25.5,5.3,12.37,22.4
นวล,Garcinia merguensis,Garcinia merguensis Wight,4,0,4,,,,7.8,8.97,10.6
นวลเสี้ยน,Aporosa octandra,"Aporosa octandra (Buch.-Ham. ex D.Don) Vickery",7,0,7,,,,6,10.2,18.4
นั่งจ้อย,Diospyros curranii,Diospyros curranii Merr.,1,1,1,17.4,17.4,17.4,10,10,10
นิโครธ,Ficus benghalensis,Ficus benghalensis L.,4,4,4,4.5,5.75,7.5,5.3,7.08,9.7
นุ่น,Ceiba pentandra,"Ceiba pentandra (L.) Gaertn.",2,1,2,15,15,15,14.5,14.5,14.5
น้อยหน่า,Annona squamosa,Annona squamosa L.,5,0,5,,,,3.8,5.58,6.9
น้ำเกลี้ยง,Gluta laccifera,"Gluta laccifera (Pierre) Ding Hou",1,1,1,4.2,4.2,4.2,4.8,4.8,4.8
น้ำเต้าต้น,Crescentia cujete,Crescentia cujete L.,2,1,2,6,6,6,5.6,5.91,6.22
บุนนาค,Mesua ferrea,Mesua ferrea L.,11,1,11,5.7,5.7,5.7,8.9,12.01,15.7
บุหงาส่าหรี,Citharexylum flexuosum,"Citharexylum flexuosum (Ruiz & Pav.) D.Don",15,11,15,5.8,7.06,8.1,5,6.72,11.2
ประคำไก่,Drypetes roxburghii,"Drypetes roxburghii (Wall.) Hurus.",13,5,13,4.7,7.72,15,2.5,6.48,17
ประดู่บ้าน,Pterocarpus indicus,Pterocarpus indicus Willd.,319,63,316,3.6,8.46,17.3,2,9.14,197
ประดู่ป่า,Pterocarpus macrocarpus,Pterocarpus macrocarpus Kurz,592,181,588,2,10.97,23.4,2,12.23,202
ประดู่แดง,Barnebydendron riedelii,"Barnebydendron riedelii (Tul.) J.H.Kirkbr.",1,1,1,5.2,5.2,5.2,3,3,3
ประทัดทอง,Hamelia patens,Hamelia patens Jacq.,2,0,2,,,,8.1,8.15,8.2
ปรู๋,Alangium indochinense,Alangium indochinense W.J.de Wilde & Duyfjes,5,2,5,7.7,7.7,7.7,8.2,10.9,15.5
ปอขาว,Sterculia pexa,Sterculia pexa Pierre,1,1,1,17.1,17.1,17.1,9,9,9
ปอทะเล,Hibiscus tiliaceus,Hibiscus tiliaceus L.,9,8,9,4.1,6.7,10,4.7,8.18,13.8
ปออีเก้ง,Pterocymbium tinctorium,"Pterocymbium tinctorium (Blanco) Merr.",2,0,2,,,,18,18.5,19
ปอแก่นเทา,Grewia eriocarpa,Grewia eriocarpa Juss.,11,9,8,4.8,9.19,14,4.5,8.34,10.6
ปอแดง,Sterculia guttata,Sterculia guttata Roxb.,6,6,4,4.5,8.03,14.3,5,6.28,7
ปาโลแซนโตส,Triplaris cumingiana,Triplaris cumingiana Fisch. & C.A.Mey.,4,4,4,16,17.43,18.5,1.3,13.83,20.6
ปีบ,Millingtonia hortensis,Millingtonia hortensis L.f.,225,76,220,4,9.48,24.6,0,9.99,96
ปีบทอง,Mayodendron igneum,"Mayodendron igneum (Kurz) Kurz",10,10,10,5,7.91,24.3,5,7.14,15.9
ปีบยูนนาน,Radermachera yunnanensis,Radermachera yunnanensis C.Y.Wu & W.C.Yin,4,0,4,,,,2.5,2.9,3.5
ปูเล,Gyrocarpus americanus,Gyrocarpus americanus Jacq.,2,1,1,7.1,7.1,7.1,8.4,8.4,8.4
ผักหวานป่า,Melientha suavis,Melientha suavis Pierre,3,3,3,2.5,5.37,10,3.7,4.67,6
ผักเลือด,Ficus virens,Ficus virens Aiton,1,1,1,3.2,3.2,3.2,6.4,6.4,6.4
ผีเสื้อ,Alangium kurzii,Alangium kurzii Craib,1,1,1,7.5,7.5,7.5,9.7,9.7,9.7
ผ่าเสี้ยน,Vitex canescens,Vitex canescens Kurz,26,18,26,1.9,6.81,12.5,4.8,9.31,16
ฝาง,Caesalpinia sappan,Caesalpinia sappan L.,2,0,2,,,,4,5.35,6.7
ฝาดขาว,Lumnitzera racemosa,Lumnitzera racemosa Willd.,22,8,22,0,4.44,6,3.4,4.76,6.5
ฝิ่นแดง,Cleistanthus sumatranus,"Cleistanthus sumatranus (Miq.) Müll.Arg.",12,12,12,3,5.26,7,3.6,5.93,8.3
ฝีหมอบ,Beilschmiedia roxburghiana,Beilschmiedia roxburghiana Nees,12,7,12,5.9,11.34,15,4.6,11.35,15.8
พญารากดำ,Diospyros variegata,Diospyros variegata Kurz,5,0,5,,,,6,10.16,18
พระเจ้าห้าพระองค์,Dracontomelon dao,"Dracontomelon dao (Blanco) Merr. & Rolfe",4,0,4,,,,14.9,16.7,18.5
พฤกษ์,Albizia lebbeck,"Albizia lebbeck (L.) Benth.",35,10,32,3.3,8.77,20,5.2,13.58,24.5
พลองขี้ควาย,Memecylon coeruleum,Memecylon coeruleum Jack,1,1,1,3,3,3,2.8,2.8,2.8
พลองเหมือด,Memecylon edule,Memecylon edule Roxb.,51,48,50,3,5.11,10,3.8,5.69,8.6
พลองแก้มอ้น,Pternandra caerulescens,Pternandra caerulescens Jack,1,0,1,,,,10,10,10
พลับพลา,Microcos tomentosa,Microcos tomentosa Sm.,129,21,127,4,9.33,15,0,7.75,13.7
พะยอม,Anthoshorea roxburghii,"Anthoshorea roxburghii (G.Don) P.S.Ashton & J.Heck.",127,58,125,2.5,10.63,18.9,0,11.93,40.7
พะยูง,Dalbergia cochinchinensis,Dalbergia cochinchinensis Pierre,180,35,180,3.5,8.11,22,3.1,9.14,24
พะวา,Garcinia celebica,Garcinia celebica L.,39,38,39,3.8,6.24,10.5,0,6.76,11
พังแหรใหญ่,Trema orientale,"Trema orientale (L.) Blume",1,1,0,6,6,6,,,
พันชาด,Erythrophleum succirubrum,Erythrophleum succirubrum Gagnep.,11,0,11,,,,6.9,14.95,20.6
พิกุล,Mimusops elengi,Mimusops elengi L.,86,34,86,3.4,7.14,15.3,2.5,7.36,68.8
พุดจีบ,Tabernaemontana divaricata,"Tabernaemontana divaricata (L.) R.Br. ex Roem. & Schult.",3,3,2,2.3,2.7,3,2,2.5,3
พุดดง,Kopsia arborea,Kopsia arborea Blume,5,5,5,4,5.9,7.7,5.5,6.46,8.9
พุทรา,Ziziphus mauritiana,Ziziphus mauritiana Lam.,10,10,10,7.2,8.17,9.9,5.3,8.89,12
ฟันปลา,Litsea umbellata,"Litsea umbellata (Lour.) Merr.",13,13,13,6.3,9.16,13.2,9.6,11.63,13.7
มณฑา,Magnolia liliifera,"Magnolia liliifera (L.) Baill.",1,1,1,7.5,7.5,7.5,10.3,10.3,10.3
มะกล่ำตาไก่,Adenanthera microsperma,Adenanthera microsperma Teijsm. & Binn.,23,17,23,4.3,9.25,22.5,4,10.49,22.2
มะกล่ำต้น,Adenanthera pavonina,Adenanthera pavonina  L.,1,0,1,,,,18.6,18.6,18.6
มะกอกดอน,Schrebera swietenioides,Schrebera swietenioides Roxb.,3,3,3,7,9.83,15,4.2,10.5,17
มะกอกน้ำ,Elaeocarpus hygrophilus,Elaeocarpus hygrophilus Kurz,16,16,16,3.7,5.79,8,6.1,7.56,9.4
มะกอกป่า,Spondias pinnata,"Spondias pinnata (L.f.) Kurz",32,20,31,2,12.14,19,2.1,12.19,26.8
มะกอกฝรั่ง,Spondias dulcis,Spondias dulcis Parkinson,2,2,2,8,8.5,9,,,
มะกอกเกลื้อน,Canarium subulatum,Canarium subulatum Guillaumin,75,41,71,1.3,9.17,18,5.1,9.96,18.5
มะกัก,Spondias bipinnata,Spondias bipinnata Airy Shaw & Forman,20,0,20,,,,2.7,5.89,24
มะกา,Bridelia ovata,Bridelia ovata Decne.,20,2,19,6.8,6.9,7,3,5.46,14.5
มะขวิด,Limonia acidissima,Limonia acidissima L.,2,0,2,,,,10.3,11.4,12.5
มะขาม,Tamarindus indica,Tamarindus indica L.,128,48,126,3.5,7.32,16.5,2.5,10.27,25
มะขามป้อม,Phyllanthus emblica,Phyllanthus emblica L.,52,42,50,1.5,7.66,11,4,9.01,17
มะขามเทศ,Pithecellobium dulce,"Pithecellobium dulce (Roxb.) Benth.",35,23,34,6.2,10.97,16,2.8,9.97,16
มะคังขาว,Tamilnadia uliginosa,"Tamilnadia uliginosa (Retz.) Tirveng. & Sastre",2,2,2,3,4.25,5.5,3,4.65,6.3
มะคังแดง,Dioecrescis erythroclada,"Dioecrescis erythroclada (Kurz) Tirveng.",2,2,2,8,8.25,8.5,6.9,8.3,9.7
มะค่าแต้,Sindora siamensis,Sindora siamensis Teijsm. ex Miq.,115,31,114,3,7.13,13,3.1,9.89,22.4
มะค่าโมง,Afzelia xylocarpa,"Afzelia xylocarpa (Kurz) Craib",148,60,147,3,9.07,16.3,2,10.24,150
มะดัน,Garcinia schomburgkiana,Garcinia schomburgkiana Pierre,2,2,2,3.5,4.25,5,7.9,12.95,18
มะตาด,Dillenia indica,Dillenia indica L.,1,1,1,5.5,5.5,5.5,7.4,7.4,7.4
มะตูม,Aegle marmelos,"Aegle marmelos (L.) Corrêa",5,3,4,3.5,6.3,9.1,8,10.78,14.1
มะนาว,Citrus aurantifolia,"Citrus aurantifolia (Christm.) Swingle",1,0,1,,,,8.3,8.3,8.3
มะนาวผี,Atalantia monophylla,Atalantia monophylla DC.,24,20,23,3.2,8.08,12.1,4,6.63,9.5
มะปริง,Bouea oppositifolia,"Bouea oppositifolia (Roxb.) Meisn.",3,0,3,,,,3.5,10.4,16.2
มะฝ่อ,Mallotus nudiflorus,"Mallotus nudiflorus (L.) Kulju & Welzen",6,3,6,10,13.27,16,13,14.48,16.6
มะพร้าวนกกก,Horsfieldia glabra,"Horsfieldia glabra (Blume) Warb.",1,1,1,26.2,26.2,26.2,,,
มะพอก,Parinari anamensis,Parinari anamensis Hance,58,14,58,6,9.79,14,3.5,11.75,35
มะม่วง,Mangifera indica,Mangifera indica L.,57,15,57,2.32,9.25,24.2,1,9.56,22.2
มะม่วงป่า,Mangifera caloneura,Mangifera caloneura Kurz,9,3,9,8,8.83,10.5,7.2,10.39,15.5
มะม่วงหัวแมงวัน,Buchanania cochinchinensis,"Buchanania cochinchinensis (Lour.) M.R.Almeida",55,25,54,3.2,8.43,15,3.8,8.13,19
มะม่วงหิมพานต์,Anacardium occidentale,Anacardium occidentale L.,11,4,11,4.5,5.4,6.8,1.1,4.81,7.5
มะยมป่า,Ailanthus triphysa,"Ailanthus triphysa (Dennst.) Alston",3,1,3,10.5,10.5,10.5,17.4,20.33,25.6
มะรุม,Moringa oleifera,Moringa oleifera Lam.,3,2,3,6,6.1,6.2,7,7.7,8.4
มะหนามนึ้ง,Meyna pubescens,"Meyna pubescens (Kurz) Robyns",2,1,2,5.2,5.2,5.2,5,5.55,6.1
มะหวด,Lepisanthes rubiginosa,"Lepisanthes rubiginosa (Roxb.) Leenh.",30,11,30,4,6.25,10,2.3,6.33,13.5
มะหาด,Artocarpus lacucha,Artocarpus lacucha Roxb. ex Buch.-Ham.,16,9,16,1,7.69,15,3.7,10.21,17
มะหาดไทย,Artocarpus thailandicus,Artocarpus thailandicus C.C.Berg,1,0,1,,,,7.4,7.4,7.4
มะฮอกกานีใบใหญ่,Swietenia macrophylla,Swietenia macrophylla King,95,46,92,5,8.24,14.2,2.7,10.61,24.4
มะฮังใหญ่,Macaranga pruinosa,"Macaranga pruinosa (Miq.) Müll. Arg.",1,0,1,,,,6.7,6.7,6.7
มะเกลือ,Diospyros mollis,Diospyros mollis Griff.,51,17,51,5.7,10.52,21.3,2.5,10.53,21.8
มะเกี๋ยง,Syzygium nervosum,Syzygium nervosum A.Cunn. ex DC.,8,8,8,6,7.72,11,6.2,8.38,12
มะเดื่อกวาง,Ficus callosa,Ficus callosa Willd.,4,4,4,8,14.18,20.4,10.6,16.5,20.6
มะเดื่อปล้อง,Ficus hispida,Ficus hispida L.f.,2,2,2,4.5,6.75,9,4.93,7.31,9.7
มะเดื่ออุทุมพร,Ficus racemosa,Ficus racemosa L.,3,2,3,6.9,8.45,10,6.2,8.77,12.6
มะเฟือง,Averrhoa carambola,Averrhoa carambola L.,7,5,7,5.5,6.1,6.7,6,7.47,10.5
มะแฟน,Protium serratum,"Protium serratum (Wall. ex Colebr.) Engl.",3,1,3,10.2,10.2,10.2,18.4,20.07,21.8
มะไฟ,Baccaurea ramiflora,Baccaurea ramiflora Lour.,3,0,3,,,,4.3,7.07,9
มักน้ำนองต้น,Elaeodendron glaucum,"Elaeodendron glaucum (Rottb.) Pers.",1,1,1,14.7,14.7,14.7,12,12,12
มังคุด,Garcinia mangostana,Garcinia mangostana L.,3,0,3,,,,3.8,4.87,5.8
ยมชวน,Khaya senegalensis,"Khaya senegalensis (Desr.) A. Juss.",6,0,6,,,,14.7,18.3,20.4
ยมหอม,Toona ciliata,Toona ciliata M.Roem.,5,0,5,,,,3.3,10.96,15.1
ยมหิน,Chukrasia tabularis,Chukrasia tabularis A.Juss.,119,68,116,2.1,6.67,15.9,2.9,8.67,23
ยอบ้าน,Morinda citrifolia,Morinda citrifolia L.,4,1,4,6,6,6,4,4.85,5.6
ยอป่า,Morinda tomentosa,Morinda tomentosa B.Heyne ex Roth,19,4,19,2.8,4.13,4.7,3.4,6.77,9.8
ยอป่าใบเกลี้ยง,Morinda coreia,Morinda coreia Buch.-Ham.,21,7,21,4.5,9.79,16,0,8.24,15.6
ยอเถื่อน,Morinda elliptica,"Morinda elliptica (Hook.f.) Ridl.",6,3,6,6.3,8.53,12.1,5.8,9.98,14
ยางกราด,Dipterocarpus intricatus,Dipterocarpus intricatus Dyer,8,0,8,,,,6,14.5,19.8
ยางนา,Dipterocarpus alatus,Dipterocarpus alatus Roxb. ex G.Don,426,151,424,2,8.86,27,1.1,15.88,279
ยางพลวง,Dipterocarpus tuberculatus,Dipterocarpus tuberculatus Roxb.,47,22,44,2.2,8.27,20.4,2,12.23,23
ยางพารา,Hevea brasiliensis,"Hevea brasiliensis (Willd. ex A.Juss.) Müll.Arg.",99,58,99,7,14.99,18,5.3,12.69,20
ยางเหียง,Dipterocarpus obtusifolius,Dipterocarpus obtusifolius Teijsm. ex Miq.,67,11,67,5.5,13.45,20,3.8,11.94,87
ยางโอน,Monoon viride,"Monoon viride (Craib) B.Xue & R.M.K.Saunders",7,3,7,4.5,5.5,7,3.2,7.56,12.5
ยี่โถ,Nerium oleander,Nerium oleander L.,1,1,0,2.5,2.5,2.5,,,
ยูคาลิปตัส,Eucalyptus camaldulensis,Eucalyptus camaldulensis Dehnh.,28,11,28,10.2,14.34,26.6,9.4,15.82,31.5
ยูคาลิปตัสสีรุ้ง,Eucalyptus deglupta,Eucalyptus deglupta Blume.,1,0,1,,,,13.4,13.4,13.4
รกฟ้า,Terminalia elliptica,Terminalia elliptica Willd.,44,40,38,4,9.65,16,3,10.01,17.8
รักขาว,Semecarpus cochinchinensis,Semecarpus cochinchinensis Engl.,4,2,3,16,16.5,17,11.5,13.5,15.5
รักใหญ่,Gluta usitata,"Gluta usitata (Wall.) Ding Hou",40,29,39,4,7.82,15,4.6,8.31,13.5
รัง,Pentacme siamensis,"Pentacme siamensis (Miq.) Kurz",92,56,87,2.5,11.25,20.1,3,9.44,21
รำเพย,Cascabela thevetia,"Cascabela thevetia (L.) Lippold",4,4,1,3.8,5.3,6.2,6,6,6
ละมุดสีดา,Manilkara kauki,"Manilkara kauki (L.) Dubard",1,0,1,,,,13,13,13
ลั่นทมขาว,Plumeria obtusa,Plumeria obtusa L.,52,27,52,1.9,4.58,10.5,2,5.6,42
ลั่นทมแดง,Plumeria rubra,Plumeria rubra L.,27,8,27,3.4,3.98,5.2,3,4.36,6.5
ลาย,Microcos paniculata,Microcos paniculata L.,17,17,16,4,7.44,12,7.2,10.11,14.8
ลำดวน,Sphaerocoryne lefevrei,"Sphaerocoryne lefevrei (Baill.) D.M.Johnson & N.A.Murray",40,7,40,4.8,6.64,8.7,3.9,9.23,81
ลำบิด,Diospyros ferrea,"Diospyros ferrea (Willd.) Bakh.",3,0,3,,,,4.8,6.37,8.3
ลำบิดดง,Diospyros filipendula,Diospyros filipendula Pierre ex Lecomte,5,4,4,4.5,6.25,10,3,6.83,11.7
ลำพู,Sonneratia caseolaris,"Sonneratia caseolaris (L.) Engl.",102,24,96,4.5,10.54,19.5,3,7.44,18.5
ลำแพน,Sonneratia alba,Sonneratia alba J.Sm.,11,6,10,2.4,5.25,7.8,3.5,7.08,10.8
ลำไย,Dimocarpus longan,Dimocarpus longan Lour.,21,17,21,5,5.86,7,5.2,6.82,14
ศรีตรัง,Jacaranda obtusifolia,Jacaranda obtusifolia Bonpl.,16,5,16,3.1,10.34,17.8,0,7.02,17.6
ศรียะลา,Saraca thaipingensis,Saraca thaipingensis Cantley ex Prain,2,1,2,11.7,11.7,11.7,4.8,6.65,8.5
สกุณี,Terminalia calamansanai,"Terminalia calamansanai (Blanco) Rolfe",19,19,19,5,7.88,11.3,3.5,9.6,19.1
สตาร์แอปเปิ้ล,Chrysophyllum cainito,Chrysophyllum cainito L.,9,8,9,5.7,8.38,11.7,6.9,11.46,23.1
สนทราย,Baeckea frutescens,Baeckea frutescens L.,4,0,4,,,,7,10.73,13.1
สนทะเล,Casuarina equisetifolia,Casuarina equisetifolia L.,395,109,389,6.2,23.82,37.8,0,21.56,43.3
สนแผง,Chamaecyparis obtusa,"Chamaecyparis obtusa (Siebold & Zucc.) Endl.",2,0,2,,,,10,10.1,10.2
สบู่ดำ,Jatropha curcas,Jatropha curcas L.,1,0,1,,,,4.1,4.1,4.1
สมอพิเภก,Terminalia bellirica,"Terminalia bellirica (Gaertn.) Roxb.",20,12,20,3.3,10.3,19.8,3.6,12.7,24.4
สมอร่อง,Lagerstroemia subangulata,"Lagerstroemia subangulata (Craib) Furtado & Montien",1,0,1,,,,7.1,7.1,7.1
สมอไทย,Terminalia chebula,Terminalia chebula Retz.,21,11,21,3.4,5.92,12,3.2,7.73,15
สมัก,Syzygium polyanthum,"Syzygium polyanthum (Wight) Walp.",8,0,8,,,,6,12.01,18
สวอง,Vitex limonifolia,Vitex limonifolia Wall. ex C.B.Clarke,26,16,25,7.4,11.67,14.6,6,8.91,13
สองสลึง,Lophopetalum duperreanum,Lophopetalum duperreanum  Pierre,1,0,1,,,,5.1,5.1,5.1
สะตอ,Parkia speciosa,Parkia speciosa Hassk.,11,3,11,19.8,22.27,27,14.8,18.6,28.3
สะทางเล็ก,Xylopia pierrei,Xylopia pierrei Hance,2,0,2,,,,7,8.05,9.1
สะท้อนรอก,Elaeocarpus tectorius,"Elaeocarpus tectorius (Lour.) Poir.",2,0,2,,,,11,15.1,19.2
สะเดา,Azadirachta indica,Azadirachta indica A.Juss.,215,36,215,3,8.39,14.2,2.5,9.58,19.6
สะเดาปัก,Vatica harmandiana,Vatica harmandiana Pierre,106,96,106,3.7,6.28,11.2,3,7.26,21.6
สะเดาเทียม,Azadirachta excelsa,"Azadirachta excelsa (Jack) Jacobs",2,1,2,14.5,14.5,14.5,14.4,14.55,14.7
สะเต้า,Pterospermum grandiflorum,Pterospermum grandiflorum Craib,4,0,4,,,,6,11.75,15
สะแกนา,Combretum quadrangulare,Combretum quadrangulare Kurz,9,9,9,4.5,7.78,10.5,6.2,9.68,12.5
สะแกแสง,Cananga latifolia,Cananga latifolia Finet & Gagnep.,3,3,3,16,17,18.5,2.6,12.33,18.4
สัก,Tectona grandis,Tectona grandis L.f.,376,106,371,4,10.7,21.3,2.1,11.63,31.3
สังกะโต้ง,Aglaia lawii,"Aglaia lawii (Wight) C.J.Saldanha",2,0,2,,,,8.3,11.15,14
สัตตบรรณ,Alstonia scholaris,"Alstonia scholaris (L.) R.Br.",143,83,141,0.7,10.33,87.2,0,8.91,19.9
สั่งทำ,Diospyros buxifolia,"Diospyros buxifolia (Blume) Hiern",1,0,1,,,,16,16,16
สาธร,Imbralyx leucanthus,"Imbralyx leucanthus (Kurz) Z.Q.Song",26,16,20,0,8.51,13,3.5,7.77,12
สารภี,Mammea siamensis,"Mammea siamensis (Miq.) T.Anderson",7,5,7,3.8,5,6.2,2,7.09,14.2
สาละลังกา,Couroupita guianensis,Couroupita guianensis Aubl.,25,19,25,3,4.13,7.5,3.3,5.91,13.6
สำเภา,Chaetocarpus castanicarpus,"Chaetocarpus castanicarpus (Roxb.) Thwaites",5,5,5,3.5,5.28,6.3,0,4.78,6.9
สำโรง,Sterculia foetida,Sterculia foetida L.,25,17,25,5.6,13.54,16,6.3,12.23,24.4
สีเสียด,Senegalia catechu,"Senegalia catechu (L.f.) P.J.H.Hurter & Mabb.",4,2,4,8.2,11.35,14.5,4,9.25,17.6
สุพรรณิการ์,Cochlospermum religiosum,"Cochlospermum religiosum (L.) Alston",3,3,1,4.9,9.53,13.7,10.4,10.4,10.4
ส้มกบ,Hymenodictyon orixense,"Hymenodictyon orixense (Roxb.) Mabb.",16,15,15,2.4,8.17,19,4.2,8.19,15
ส้มโอ,Citrus maxima,"Citrus maxima (Burm.) Merr.",1,1,0,4.3,4.3,4.3,,,
ส้านชะวา,Dillenia suffruticosa,"Dillenia suffruticosa (Griff.) Martelli",4,0,4,,,,3.8,4.4,5
ส้านหิ่ง,Dillenia parviflora,Dillenia parviflora Griff.,1,1,1,19.7,19.7,19.7,19.8,19.8,19.8
ส้านใบเล็ก,Dillenia ovata,Dillenia ovata Wall. ex Hook.f. & Thomson,3,1,3,6.5,6.5,6.5,6.1,6.77,7.5
ส้านใหญ่,Dillenia obovata,"Dillenia obovata (Blume) Hoogland",5,1,4,8,8,8,7.8,11.15,15
หงอนไก่,Heritiera littoralis,Heritiera littoralis Aiton,1,0,1,,,,5.1,5.1,5.1
หนามแท่ง,Catunaregam tomentosa,"Catunaregam tomentosa (Blume ex DC.) Tirveng.",2,0,2,,,,6,7.1,8.2
หมักม่อ,Ridsdalea wittii,"Ridsdalea wittii (Craib) J.T.Pereira",2,0,2,,,,6.3,6.6,6.9
หมัน,Cordia cochinchinensis,Cordia cochinchinensis Gagnep.,10,9,10,6.5,11.12,21.3,5.6,7.89,11
หมันดง,Cordia dichotoma,Cordia dichotoma G.Forst.,16,15,15,3,6.33,13,3.23,6.25,10
หมันทะเล,Cordia subcordata,Cordia subcordata L.,3,3,1,3.5,4.67,5.5,6,6,6
หมีเหม็น,Litsea glutinosa,"Litsea glutinosa (Lour.) C.B.Rob.",27,15,26,5.5,9.7,18,4.2,9.94,24.5
หม่อน,Morus alba,Morus alba L.,1,1,1,4.5,4.5,4.5,,,
หลุมพอ,Intsia palembanica,Intsia palembanica Miq.,12,0,12,,,,7.8,11.91,20.5
หว้า,Syzygium cumini,"Syzygium cumini (L.) Skeels",66,37,63,3.4,6.59,15,3.9,8.99,24.6
หว้านา,Syzygium cinereum,"Syzygium cinereum (Kurz) Chantar. & J.Parn.",5,2,4,4,7,10,12.1,15.53,19.9
หัวแมงวัน,Buchanania reticulata,Buchanania reticulata Hance,1,0,1,,,,11,11,11
หัสคุณ,Micromelum minutum,"Micromelum minutum (G.Forst.) Wight & Arn.",15,0,15,,,,5,6.04,7.6
หางนกยูงฝรั่ง,Delonix regia,"Delonix regia (Bojer ex Hook.) Raf.",180,102,170,1.4,10.51,28.6,0,11.47,26.4
หาดหนุน,Artocarpus gomezianus,Artocarpus gomezianus Wall. ex Trécul,1,0,1,,,,11,11,11
หูกระจง,Terminalia ivorensis,Terminalia ivorensis A.Chev.,66,12,66,2.8,7.36,12,2.5,7.97,20.4
หูกวาง,Terminalia catappa,Terminalia catappa L.,28,21,28,2.4,11.37,27.3,4,12.94,37
อวบดำ,Tetrapilus salicifolius,"Tetrapilus salicifolius (Wall. ex G.Don) de Juana",67,66,67,3.5,5.69,8,0,6.23,8.6
อะราง,Peltophorum dasyrhachis,"Peltophorum dasyrhachis (Miq.) Kurz",60,21,56,4.7,10.22,16,3.6,10.31,21
อินจัน,Diospyros decandra,Diospyros decandra Lour.,13,4,13,4.3,9.32,13,4,11.35,18
อินทนิลน้ำ,Lagerstroemia speciosa,"Lagerstroemia speciosa (L.) Pers.",165,89,160,0,6.9,16,0,7.45,16.7
อินทนิลบก,Lagerstroemia macrocarpa,Lagerstroemia macrocarpa Kurz,42,10,40,1.9,6.75,10.3,4.6,9.6,23.5
อินทรชิต,Lagerstroemia loudonii,Lagerstroemia loudonii Teijsm. & Binn.,165,44,164,2.1,7.03,15,2.5,9.32,27
อีแปะ,Vitex scabra,Vitex scabra Wall. ex Schauer,1,0,1,,,,7,7,7
อโศกอินเดีย,Monoon longifolium,"Monoon longifolium (Sonn.) B.Xue & R.M.K.Saunders",43,35,43,2,6.07,10,2.5,6.56,16.9
เกด,Manilkara hexandra,"Manilkara hexandra (Roxb.) Dubard",6,2,6,5,7,9,5.79,10.06,13.8
เก็ดขาว,Dalbergia ovata,Dalbergia ovata Graham ex Benth.,6,1,6,6.3,6.3,6.3,3.6,7.72,12
เขลง,Dialium cochinchinense,Dialium cochinchinense Pierre,24,20,23,5.2,10.58,20.7,3.7,9.53,13.7
เข็มขาว,Ixora finlaysoniana,Ixora finlaysoniana Wall. ex G.Don,1,0,1,,,,3,3,3
เคล็ดหนู,Canthium horridum,Canthium horridum Blume,2,2,2,5.9,6.3,6.7,7.1,7.5,7.9
เคี่ยม,Cotylelobium lanceolatum,Cotylelobium lanceolatum Craib,3,0,3,,,,4.6,9.3,12.7
เค็ด,Catunaregam spathulifolia,Catunaregam spathulifolia Tirveng.,1,1,1,3.2,3.2,3.2,4.6,4.6,4.6
เงาะ,Nephelium lappaceum,Nephelium lappaceum L.,1,0,1,,,,2.6,2.6,2.6
เฉียงพร้านางแอ,Carallia brachiata,"Carallia brachiata (Lour.) Merr.",27,15,27,5,9.32,20.1,5.1,15.37,29
เชอร์รี่ไทย,Malpighia glabra,Malpighia glabra L.,3,2,3,4,4,4,3.5,4.7,5.6
เชียด,Cinnamomum iners,"Cinnamomum iners (Reinw. ex Nees & T.Nees) Blume",5,5,5,8.8,10.9,13.7,7.8,12.8,15.9
เซียนท้อ,Lucuma campechiana,Lucuma campechiana Kunth,1,0,1,,,,7.1,7.1,7.1
เดื่อฉิ่ง,Ficus fistulosa,Ficus fistulosa Reinw. ex Blume,3,3,3,4.5,7.83,10.4,8.7,9.6,10.5
เต็ง,Shorea obtusa,Shorea obtusa Wall. ex Blume,243,60,239,2.3,12.27,18,2.5,10.16,24.2
เต็งหนาม,Bridelia retusa,"Bridelia retusa (L.) A.Juss.",6,2,6,6,10,14,4.1,7.38,12.6
เทพทาโร,Cinnamomum parthenoxylon,"Cinnamomum parthenoxylon (Jack) Meisn.",2,2,2,6.5,6.85,7.2,7.2,8.95,10.7
เทียะ,Alstonia spatulata,Alstonia spatulata Blume,93,0,93,,,,2.5,5.4,16.2
เบาบับ,Adansonia digitata,Adansonia digitata L.,2,0,2,,,,5.8,7.75,9.7
เปล้าแพะ,Croton hutchinsonianus,Croton hutchinsonianus Hosseus,3,3,3,3.7,4.53,5.2,5.6,5.9,6.3
เปล้าใหญ่,Croton persimilis,Croton persimilis Müll.Arg.,3,1,3,6,6,6,4.6,6.97,8.3
เพกา,Oroxylum indicum,"Oroxylum indicum (L.) Kurz",50,16,50,3.8,9.66,19.6,0,10.19,21.5
เมา,Syzygium grande,"Syzygium grande (Wight) Walp.",19,1,19,8.2,8.2,8.2,6.2,9.97,13.6
เม่าสร้อย,Antidesma acidum,Antidesma acidum Retz.,1,0,1,,,,4.5,4.5,4.5
เม่าไข่ปลา,Antidesma ghaesembilla,Antidesma ghaesembilla Gaertn.,27,10,26,4,8.52,11,3.3,8.05,13.8
เลียงฝ้าย,Kydia calycina,Kydia calycina Roxb.,1,0,1,,,,18.2,18.2,18.2
เลียบ,Ficus subpisocarpa,Ficus subpisocarpa Gagnep.,6,3,5,5.9,10.33,15,0,8.66,17.9
เลี่ยน,Melia azedarach,Melia azedarach L.,5,0,5,,,,5.9,10.66,16.9
เลือดแรด,Knema globularia,"Knema globularia (Lam.) Warb.",3,3,3,6.5,8.17,10,3.4,5.53,7.2
เสม็ดขาว,Melaleuca cajuputi,Melaleuca cajuputi Powell,317,0,317,,,,2.5,8.95,54
เสม็ดแดง,Syzygium antisepticum,"Syzygium antisepticum (Blume) Merr. & L.M.Perry",36,2,36,5,5.25,5.5,5.6,8.44,11
เสลาเปลือกบาง,Lagerstroemia venusta,Lagerstroemia venusta Wall. ex C.B.Clarke,6,0,6,,,,4.1,7.72,18.2
เสลาเปลือกหนา,Lagerstroemia villosa,Lagerstroemia villosa Wall. ex Kurz,1,0,1,,,,15,15,15
เสียวใหญ่,Phyllanthus angkorensis,Phyllanthus angkorensis Beille,4,4,3,6.5,7.75,9,4.9,7.57,9.7
เสี้ยวดอกขาว,Bauhinia saccocalyx,Bauhinia saccocalyx Pierre,2,0,2,,,,8.8,48.4,88
เสี้ยวใหญ่,Piliostigma malabaricum,"Piliostigma malabaricum (Roxb.) Benth.",8,4,6,4.4,5.35,6.2,5.1,5.85,8
เหมือดจี้,Memecylon scutellatum,"Memecylon scutellatum (Lour.) Hook. & Arn.",1,0,1,,,,5.8,5.8,5.8
เหมือดวอน,Aporosa wallichii,Aporosa wallichii Hook.f.,6,6,4,4,8.92,13,7.1,10.28,13
เหมือดโลด,Aporosa villosa,"Aporosa villosa (Lindl.) Baill.",67,41,65,2.5,5.9,13.5,3.5,5.96,13
เหรียง,Parkia timoriana,"Parkia timoriana (DC.) Merr.",2,2,2,16,16.9,17.8,14,14,14
เหลืองปรีดียาธร,Tabebuia aurea,"Tabebuia aurea (Silva Manso) Benth. & Hook.f. ex S.Moore",45,24,38,2,4.17,7,2.2,7.28,67.3
เหลืองอินเดีย,Handroanthus chrysanthus,"Handroanthus chrysanthus (Jacq.) S.O.Grose",43,39,43,2.2,5.07,6.2,2.5,5.68,8.4
เหลืองเชียงราย,Handroanthus chrysotrichus,"Handroanthus chrysotrichus (Mart. ex DC.) Mattos",8,4,8,4.5,5.95,7.8,5,8.09,11.6
เอกมหาชัย,Simarouba amara,Simarouba amara Aubl.,4,0,4,,,,5.2,6.95,8.8
เอียน,Neolitsea zeylanica,"Neolitsea zeylanica (Nees) Merr.",1,0,1,,,,5.2,5.2,5.2
เเซะ,Adinobotrys atropurpureus,"Adinobotrys atropurpureus (Wall.) Dunn",1,1,1,15.8,15.8,15.8,14.2,14.2,14.2
แก้ว,Murraya paniculata,"Murraya paniculata (L.) Jack",11,2,11,4.2,4.25,4.3,2.8,4.26,5.2
แก้วมุกดา,Fagraea ceilanica,Fagraea ceilanica Thunb.,1,1,1,4.1,4.1,4.1,3.5,3.5,3.5
แข้งกวาง,Wendlandia tinctoria,"Wendlandia tinctoria (Roxb.) DC.",2,0,2,,,,5.5,7.75,10
แคทราย,Stereospermum neuranthum,Stereospermum neuranthum Kurz,2,2,1,5.4,6.8,8.2,14.3,14.3,14.3
แคนา,Dolichandrone serrulata,"Dolichandrone serrulata (Wall. ex DC.) Seem.",68,32,66,3,8.63,18,3,8.87,21.8
แคบิด,Fernandoa adenophylla,"Fernandoa adenophylla (Wall. ex G.Don) Steenis",5,3,5,7.2,9.17,12.5,3.5,7.5,10.4
แคฝรั่ง,Gliricidia sepium,"Gliricidia sepium (Jacq.) Kunth",5,3,5,6,6.2,6.3,4.8,7.94,12.8
แคยอดดำ,Stereospermum fimbriatum,"Stereospermum fimbriatum (Wall. ex G.Don) DC.",1,1,1,9.8,9.8,9.8,10.2,10.2,10.2
แครกฟ้า,Heterophragma sulfureum,Heterophragma sulfureum Kurz,4,3,4,3,5.67,8,3.3,8.1,13
แคหางค่าง,Markhamia stipulata,"Markhamia stipulata (Wall.) Seem.",26,20,21,5.5,10.51,18,4,10.19,22
แคแสด,Spathodea campanulata,Spathodea campanulata P.Beauv.,2,2,2,4.2,4.35,4.5,4.5,5.85,7.2
แจง,Maerua siamensis,"Maerua siamensis (Kurz) Pax",5,4,5,3.6,4.5,5.1,2.3,4.11,6.24
แดง,Xylia xylocarpa var. kerrii,"Xylia xylocarpa var. kerrii (Craib & Hutch.) I.C.Nielsen",174,106,173,1.8,8.89,23,2.1,9.86,22.5
แดงหิน,Pleurostylia opposita,"Pleurostylia opposita (Wall.) Alston",1,0,1,,,,6.9,6.9,6.9
แปรงล้างขวด,Melaleuca citrina,"Melaleuca citrina (Curtis) Dum.Cours.",2,1,2,6,6,6,6.7,7.25,7.8
แสงจันทร์,Pisonia grandis,Pisonia grandis R.Br.,2,0,2,,,,8,9.7,11.4
แสมขาว,Avicennia alba,Avicennia alba Blume,220,186,174,4,6.72,9,3,7.37,12
แสมดำ,Avicennia officinalis,Avicennia officinalis L.,1,0,1,,,,7,7,7
แสมทะเล,Avicennia marina,"Avicennia marina (Forssk.) Vierh.",41,1,41,6.5,6.5,6.5,5.8,8.47,11
แสมสาร,Senna garrettiana,"Senna garrettiana (Craib) H.S.Irwin & Barneby",36,13,33,7,10.55,22.6,5.2,9.55,15
แสลงใจ,Strychnos nux-blanda,Strychnos nux-blanda A.W.Hill,8,7,8,4.8,7.89,15,3.8,7.9,11.5
แหนนา,Terminalia glaucifolia,Terminalia glaucifolia Craib,19,4,19,14.5,14.85,15.5,4.2,12.89,23.8
แอ๊ดใบเล็ก,Erismanthus sinensis,Erismanthus sinensis Oliv.,2,0,2,,,,8,10,12
โกงกางใบเล็ก,Rhizophora apiculata,Rhizophora apiculata Blume,102,0,102,,,,5.7,8.5,10.7
โกงกางใบใหญ่,Rhizophora mucronata,Rhizophora mucronata Poir.,9,5,9,4.2,4.8,5.5,4,6.8,10.9
โปรงแดง,Ceriops tagal,"Ceriops tagal (Perr.) C.B.Rob.",91,0,91,,,,4.2,7.04,10
โพขี้นก,Ficus rumphii,Ficus rumphii Blume,14,3,14,9.5,11.4,15,4.5,11.06,23
โพทะเล,Thespesia populnea,"Thespesia populnea (L.) Sol. ex Corrêa",17,16,15,5,8.94,14,3.5,8.1,12.7
โพบาย,Balakata baccata,"Balakata baccata (Roxb.) Esser",2,2,2,16.7,18.2,19.7,18.7,20.55,22.4
โพศรีมหาโพ,Ficus religiosa,Ficus religiosa L.,33,11,32,6.9,9.08,16,5.2,10.72,19.2
โมกบ้าน,Wrightia religiosa,"Wrightia religiosa (Teijsm. & Binn.) Benth. ex Kurz",1,1,1,3,3,3,4.87,4.87,4.87
โมกมัน,Wrightia arborea,"Wrightia arborea (Dennst.) Mabb.",204,133,204,3.5,9.68,19,3.5,9.77,22.1
โมกใหญ่,Holarrhena pubescens,Holarrhena pubescens Wall. ex G.Don,8,4,8,2.7,5.35,7,4,17.34,73
โสกน้ำ,Saraca indica,Saraca indica L.,3,0,3,,,,6,7.5,9
โสกสะปัน,Brownea grandiceps,Brownea grandiceps Jacq.,1,1,1,6.3,6.3,6.3,10.6,10.6,10.6
ไกร,Ficus concinna,"Ficus concinna (Miq.) Miq.",11,5,11,8,10.72,13,5.5,11.12,18.3
ไข่เน่า,Vitex glabrata,Vitex glabrata R.Br.,3,0,3,,,,4.2,10.93,16.7
ไคร้ย้อย,Elaeocarpus grandiflorus,Elaeocarpus grandiflorus Sm.,1,1,1,2.5,2.5,2.5,4.6,4.6,4.6
ไทรขี้ใต้,Ilex cymosa,Ilex cymosa Blume,1,0,1,,,,11.1,11.1,11.1
ไทรย้อยใบทู่,Ficus microcarpa,Ficus microcarpa L.f.,44,23,42,2.3,6.07,14,1.6,6.44,14
ไทรย้อยใบแหลม,Ficus benjamina,Ficus benjamina L.,37,24,35,3.5,8.33,15,3,10.79,85
ไทรเลียบ,Ficus superba,"Ficus superba (Miq.) Miq.",6,3,6,13,13.33,14,3,8.38,15
ไทรใบดาบ,Ficus maclellandii,Ficus maclellandii King,10,1,10,7,7,7,3.5,8.01,14.9
ไฮ,Ficus geniculata,Ficus geniculata Kurz,8,7,8,2.5,7.43,10.5,4,8.61,12
,Antidesma sp.,Antidesma sp.,9,9,9,4.3,4.97,6,5.2,6.33,7.8
,Antidesma sp.Sisaket1,Antidesma sp.Sisaket1,2,0,2,,,,5.9,6.45,7
,Aporosa sp.,Aporosa sp.,1,1,1,6.4,6.4,6.4,6.7,6.7,6.7
,Aporosa sp.Chanthaburi1,Aporosa sp.Chanthaburi1,1,0,1,,,,4.2,4.2,4.2
,Artocarpus sp.BuengKan1,Artocarpus sp.BuengKan1,1,0,1,,,,,,
,Artocarpus sp.Chumphon1,Artocarpus sp.Chumphon1,3,0,3,,,,11.6,13.63,15.9
,Artocarpus sp.Trang1,Artocarpus sp.Trang1,1,0,1,,,,13.2,13.2,13.2
,Barringtonia sp.,Barringtonia sp.,2,2,2,7,7.5,8,10.6,12.3,14
,Bridelia sp.Chachoengsao1,Bridelia sp.Chachoengsao1,1,0,1,,,,5.4,5.4,5.4
,Catunaregam sp.MaeHongSon1,Catunaregam sp.MaeHongSon1,1,0,1,,,,5.5,5.5,5.5
,Chionanthus sp.Trat1,Chionanthus sp.Trat1,1,0,1,,,,8,8,8
,Cinnamomum sp.Trang1,Cinnamomum sp.Trang1,2,0,2,,,,9.2,10.05,10.9
,Cinnamomum sp.Trat1,Cinnamomum sp.Trat1,1,0,1,,,,20.4,20.4,20.4
,Croton sp.Trat1,Croton sp.Trat1,2,0,2,,,,6,6.25,6.5
,Dasymachalon sp.Trat1,Dasymachalon sp.Trat1,3,0,3,,,,6,6.33,7
,Diospyros sp.AmnatCharoen1,Diospyros sp.AmnatCharoen1,1,0,1,,,,7.9,7.9,7.9
,Diospyros sp.MahaSarakham1,Diospyros sp.MahaSarakham1,4,0,4,,,,2.7,5.75,7.7
,Diospyros sp.SaKaeo1,Diospyros sp.SaKaeo1,1,0,1,,,,13,13,13
,Diospyros sp.Trang 1,Diospyros sp.Trang 1,1,0,1,,,,9.5,9.5,9.5
,Diospyros sp.Trang2,Diospyros sp.Trang2,8,0,8,,,,8.1,10.15,12.4
,Diospyros sp.Trat1,Diospyros sp.Trat1,3,0,3,,,,8,10.3,14
,Ehretia sp.Ratchaburi1,Ehretia sp.Ratchaburi1,2,0,2,,,,4.5,4.6,4.7
,Elaeocarpus sp.AmnatCharoen1,Elaeocarpus sp.AmnatCharoen1,2,0,2,,,,14.5,17.45,20.4
,Flacourtia sp.,Flacourtia sp.,1,1,1,10.6,10.6,10.6,11.1,11.1,11.1
,Gluta sp.Buriram1,Gluta sp.Buriram1,1,0,1,,,,6.4,6.4,6.4
,Gluta sp.Trat1,Gluta sp.Trat1,18,0,18,,,,2.5,16.74,20.7
,Gmelina sp.AmnatCharoen1,Gmelina sp.AmnatCharoen1,1,0,1,,,,6.8,6.8,6.8
,Homalium sp.,Homalium sp.,1,1,1,3.5,3.5,3.5,4.6,4.6,4.6
,Lithocarpus sp.,Lithocarpus sp.,1,1,1,12.7,12.7,12.7,11.7,11.7,11.7
,Litsea sp.Trat1,Litsea sp.Trat1,1,0,1,,,,6,6,6
,Madhuca sp.Phrae1,Madhuca sp.Phrae1,8,0,8,,,,5.4,6.49,8.6
,Mangifera sp.,Mangifera sp.,2,2,1,4,5.5,7,8,8,8
,Memecylon sp.Trat1,Memecylon sp.Trat1,1,0,1,,,,13.4,13.4,13.4
,Millettia sp.1,Millettia sp.1,29,29,29,1.9,5.89,11.1,3.4,7.58,12.8
,Millettia sp.2,Millettia sp.2,1,1,1,7.4,7.4,7.4,8.1,8.1,8.1
,Millettia sp.Tak1,Millettia sp.Tak1,2,0,2,,,,2.5,3.95,5.4
,Premna sp.,Premna sp.,1,1,1,8.2,8.2,8.2,7.1,7.1,7.1
,Stereospermum sp.Trang1,Stereospermum sp.Trang1,1,0,1,,,,11.2,11.2,11.2
,Symplocos sp.MaeHongSon1,Symplocos sp.MaeHongSon1,1,0,1,,,,8.5,8.5,8.5
,Syzygium sp.Narathiwat1,Syzygium sp.Narathiwat1,60,0,60,,,,3.1,6.89,11.4
,Syzygium sp.Trang1,Syzygium sp.Trang1,10,0,10,,,,5.9,9.06,13.9
,Syzygium sp.Trang2,Syzygium sp.Trang2,1,0,1,,,,12.4,12.4,12.4
,Syzygium sp.Trat1,Syzygium sp.Trat1,6,0,6,,,,10.4,15.32,21.4
,Syzygium sp.Trat2,Syzygium sp.Trat2,4,0,4,,,,15.8,20.55,23.7
,Syzygium sp.พัฒนาราม,Syzygium sp.พัฒนาราม,1,1,1,12.7,12.7,12.7,11,11,11
,Unknown,Unknown,1,0,1,,,,15.8,15.8,15.8
,Unknown genus-Bignoniaceae-UthaiThani,Unknown genus-Bignoniaceae-UthaiThani,1,0,1,,,,18,18,18
,Unknown genus-Fabaceae-Uttaradit,Unknown genus-Fabaceae-Uttaradit,1,0,1,,,,5.6,5.6,5.6
,Unknown genus-Lauraceae-Trat-1,Unknown genus-Lauraceae-Trat-1,6,0,6,,,,9.3,15.32,20.3
,Unknown genus-Lauraceae-Trat-2,Unknown genus-Lauraceae-Trat-2,1,0,1,,,,20,20,20
,Unknown ป่ากลางกรุง ปตท,Unknown ป่ากลางกรุง ปตท,1,0,1,,,,10.4,10.4,10.4
,Unknown วิทยาลัยเกษตรอุดร,Unknown วิทยาลัยเกษตรอุดร,1,0,1,,,,22,22,22
,Unknown-genus-Anacardiaceae-MaeHongSon,Unknown-genus-Anacardiaceae-MaeHongSon,1,0,1,,,,13.5,13.5,13.5
,Unknown-genus-Phyllanthaceae-MaeHongSon,Unknown-genus-Phyllanthaceae-MaeHongSon,3,0,3,,,,6,7.07,9.2
,Unknown1 วัดป่าขมิ้น,Unknown1 วัดป่าขมิ้น,1,1,1,10.6,10.6,10.6,8.1,8.1,8.1
,Unknown1 วัดป่าหนองกุง,Unknown1 วัดป่าหนองกุง,1,1,1,5,5,5,4.2,4.2,4.2
,Unknown1 เขาน้ำซับ,Unknown1 เขาน้ำซับ,1,1,1,10.5,10.5,10.5,7.3,7.3,7.3
,Unknown2 วัดป่าหนองกุง,Unknown2 วัดป่าหนองกุง,1,1,1,5,5,5,2.6,2.6,2.6
,Unknown2 วิทยาลัยชุมชน,Unknown2 วิทยาลัยชุมชน,1,1,1,7,7,7,8,8,8
,Unknown3 วัดป่าหนองกุง,Unknown3 วัดป่าหนองกุง,1,1,1,6.5,6.5,6.5,8.5,8.5,8.5
,Unknown4 วัดป่าหนองกุง,Unknown4 วัดป่าหนองกุง,1,1,1,15,15,15,15,15,15
,Unknown5 วัดป่าหนองกุง,Unknown5 วัดป่าหนองกุง,1,1,1,12,12,12,9.2,9.2,9.2
,Xerospermum sp.Trat1,Xerospermum sp.Trat1,6,0,6,,,,4.6,9.25,16
,,,4,0,1,,,,,,
